Comparison,Test_Statistic,p_value
Spring vs Autumn,681.347643114659,3.402982910730612e-150
Domestic vs Foreign,20.988167545492043,4.621286823976966e-06
Oxygen vs No Oxygen,1888.3384167143906,0.0
