Model,ROC_AUC,Accuracy
Logistic Regression,0.6863434724553679,0.631855309218203
Random Forest,0.6957613512209938,0.6298133022170361
